{"cameraMode":{"drawMode":0,"name":"Shaded","section":"Shading Mode"},"sceneLighting":false,"audioPlay":false,"sceneViewState":{"m_AlwaysRefresh":false,"showFog":true,"showSkybox":true,"showFlares":true,"showImageEffects":true,"showParticleSystems":true,"showVisualEffectGraphs":true,"m_FxEnabled":true},"in2DMode":false,"pivot":{"x":694.3551025390625,"y":512.359130859375,"z":720.7454223632813},"rotation":{"x":0.08869218826293946,"y":-0.005383014678955078,"z":0.0004792302497662604,"w":0.9960501194000244},"size":1004.55322265625,"orthographic":false}