{"cameraMode":{"drawMode":0,"name":"Shaded","section":"Shading Mode"},"sceneLighting":false,"audioPlay":false,"sceneViewState":{"m_AlwaysRefresh":false,"showFog":true,"showSkybox":false,"showFlares":true,"showImageEffects":true,"showParticleSystems":true,"showVisualEffectGraphs":true,"m_FxEnabled":true},"in2DMode":false,"pivot":{"x":-4.02260684967041,"y":0.3674037456512451,"z":-1.1318628787994385},"rotation":{"x":-0.31487566232681277,"y":-0.12846606969833375,"z":0.043050140142440799,"w":-0.9394260048866272},"size":1.4783532619476319,"orthographic":false}