{"cameraMode":{"drawMode":0,"name":"Shaded","section":"Shading Mode"},"sceneLighting":false,"audioPlay":false,"sceneViewState":{"m_AlwaysRefresh":false,"showFog":true,"showSkybox":false,"showFlares":true,"showImageEffects":true,"showParticleSystems":true,"showVisualEffectGraphs":true,"m_FxEnabled":true},"in2DMode":false,"pivot":{"x":-6.502800941467285,"y":0.16589629650115968,"z":10.604865074157715},"rotation":{"x":0.12194608896970749,"y":-0.5761530995368958,"z":0.09064643085002899,"w":0.8031904697418213},"size":0.41626909375190737,"orthographic":false}